<assembly xmlns="http://maven.apache.org/plugins/maven-assembly-plugin/assembly/1.1.2" 
  xmlns:xsi="http://www.w3.org/2001/XMLSchema-instance"
  xsi:schemaLocation="http://maven.apache.org/plugins/maven-assembly-plugin/assembly/1.1.2 http://maven.apache.org/xsd/assembly-1.1.2.xsd">
  <id>bin</id>
  <formats>
    <format>zip</format>
  </formats>
  <fileSets>
    <fileSet>
        <directory>${project.build.directory}</directory>
        <outputDirectory>/dist</outputDirectory>
        <includes>
           <include>*.jar</include>
        </includes>
    </fileSet>
    <fileSet>
        <directory>${project.basedir}</directory>
        <outputDirectory>/</outputDirectory>
        <includes>
           <include>startFileHandler.sh</include>
           <include>stopFileHandler.sh</include>
        </includes>
        <lineEnding>unix</lineEnding>
    </fileSet>
    
     <fileSet>
        <directory>${project.basedir}</directory>
        <outputDirectory>/</outputDirectory>
        <includes>
           <include>startFileHandler.bat</include>     
           <include>stopFileHandler.bat</include>       
        </includes>
        <lineEnding>windows</lineEnding>
    </fileSet>
    
    <fileSet>
      <directory>${project.basedir}/src/main/resources</directory>
      <outputDirectory>/config</outputDirectory>
    </fileSet>

    <fileSet>
      <directory>${project.basedir}/ctrl</directory>
      <outputDirectory>/ctrl</outputDirectory>
    </fileSet>
    <fileSet>
      <directory>${project.basedir}/logs</directory>
      <outputDirectory>/logs</outputDirectory>
    </fileSet>
    
    </fileSets>
  <dependencySets>
    <dependencySet>
     <outputDirectory>/lib</outputDirectory>
     </dependencySet>     
   </dependencySets>
</assembly>