<?xml version="1.0" encoding="UTF-8" ?>
<!DOCTYPE log4j:configuration SYSTEM "log4j.dtd">
<log4j:configuration debug="true" xmlns:log4j='http://jakarta.apache.org/log4j/'>

    <appender name="log-app" class="org.apache.log4j.DailyRollingFileAppender">      
       
      <param name="File" value="FTPFileHandler.log" /> 
                <param name="maxFileSize" value="1Mb" />
                <param name="File" value="logs/FileHandler.log" />
                <param   name = "Append" value = "true" />
                <param name="DatePattern" value="'.'yyyy-MM-dd"/>
                <param name ="immediateFlush" value = "true" />

        <layout class="org.apache.log4j.PatternLayout">
            <param name="ConversionPattern" value="%d [%t] %-5p %c - %m%n"/>
        </layout>
    </appender>
    
    <!-- console -->
	<appender name="console" class="org.apache.log4j.ConsoleAppender">
		<layout class="org.apache.log4j.PatternLayout">
                  <param name="ConversionPattern" value="[File Handler]-[%d{dd.MM.yyyy HH:mm:ss:SSS}]-[%-5p] %m [%F, Line-%L]%n" />
		</layout>
	</appender>

    <root>
        <level value="debug"/>
        <appender-ref ref="log-app"/>
        <appender-ref ref="console" />
    </root>
</log4j:configuration>
